{
  "Create User (signup)" : {
    "transaction" : "Create User (signup)",
    "sampleCount" : 1000,
    "errorCount" : 0,
    "errorPct" : 0.0,
    "meanResTime" : 1299.7959999999996,
    "medianResTime" : 969.0,
    "minResTime" : 617.0,
    "maxResTime" : 11383.0,
    "pct1ResTime" : 2303.0,
    "pct2ResTime" : 2941.8999999999987,
    "pct3ResTime" : 7883.9400000000005,
    "throughput" : 82.75405494869248,
    "receivedKBytesPerSec" : 27.225841634599472,
    "sentKBytesPerSec" : 19.557110642171466
  },
  "Read All Users" : {
    "transaction" : "Read All Users",
    "sampleCount" : 2,
    "errorCount" : 0,
    "errorPct" : 0.0,
    "meanResTime" : 31840.0,
    "medianResTime" : 31840.0,
    "minResTime" : 31782.0,
    "maxResTime" : 31898.0,
    "pct1ResTime" : 31898.0,
    "pct2ResTime" : 31898.0,
    "pct3ResTime" : 31898.0,
    "throughput" : 0.06267824124855056,
    "receivedKBytesPerSec" : 4.543437979880284,
    "sentKBytesPerSec" : 0.011078868814441067
  },
  "Login User" : {
    "transaction" : "Login User",
    "sampleCount" : 813,
    "errorCount" : 0,
    "errorPct" : 0.0,
    "meanResTime" : 16530.0848708487,
    "medianResTime" : 16303.0,
    "minResTime" : 435.0,
    "maxResTime" : 32317.0,
    "pct1ResTime" : 29313.2,
    "pct2ResTime" : 31099.099999999995,
    "pct3ResTime" : 32179.48,
    "throughput" : 24.413681270832708,
    "receivedKBytesPerSec" : 6.222627745788414,
    "sentKBytesPerSec" : 5.364334263610702
  },
  "Total" : {
    "transaction" : "Total",
    "sampleCount" : 2815,
    "errorCount" : 0,
    "errorPct" : 0.0,
    "meanResTime" : 10670.434458259317,
    "medianResTime" : 6569.0,
    "minResTime" : 435.0,
    "maxResTime" : 34141.0,
    "pct1ResTime" : 27633.4,
    "pct2ResTime" : 30571.199999999997,
    "pct3ResTime" : 33316.56,
    "throughput" : 80.28177047684234,
    "receivedKBytesPerSec" : 38.854286982375086,
    "sentKBytesPerSec" : 23.68921605849304
  },
  "User Controller" : {
    "transaction" : "User Controller",
    "sampleCount" : 1000,
    "errorCount" : 0,
    "errorPct" : 0.0,
    "meanResTime" : 15234.837999999992,
    "medianResTime" : 14539.5,
    "minResTime" : 1030.0,
    "maxResTime" : 34141.0,
    "pct1ResTime" : 30123.0,
    "pct2ResTime" : 32231.59999999999,
    "pct3ResTime" : 33916.86,
    "throughput" : 28.519279032626056,
    "receivedKBytesPerSec" : 19.427143491187543,
    "sentKBytesPerSec" : 11.84460802924652
  }
}