{
  "Create User (signup)" : {
    "transaction" : "Create User (signup)",
    "sampleCount" : 10000,
    "errorCount" : 1738,
    "errorPct" : 17.38,
    "meanResTime" : 52406.152100000174,
    "medianResTime" : 42607.5,
    "minResTime" : 2.0,
    "maxResTime" : 202767.0,
    "pct1ResTime" : 116389.09999999996,
    "pct2ResTime" : 133349.59999999998,
    "pct3ResTime" : 202009.99999999345,
    "throughput" : 46.08592259408441,
    "receivedKBytesPerSec" : 34.12417286570332,
    "sentKBytesPerSec" : 8.956511019144093
  },
  "Read All Users" : {
    "transaction" : "Read All Users",
    "sampleCount" : 401,
    "errorCount" : 39,
    "errorPct" : 9.725686,
    "meanResTime" : 108291.43142144644,
    "medianResTime" : 102319.0,
    "minResTime" : 4714.0,
    "maxResTime" : 198224.0,
    "pct1ResTime" : 184205.2,
    "pct2ResTime" : 191299.5,
    "pct3ResTime" : 195731.52000000002,
    "throughput" : 1.8461311812016887,
    "receivedKBytesPerSec" : 712.6804454036052,
    "sentKBytesPerSec" : 0.32271238421396703
  },
  "Read By Username" : {
    "transaction" : "Read By Username",
    "sampleCount" : 8,
    "errorCount" : 3,
    "errorPct" : 37.5,
    "meanResTime" : 154366.00000000003,
    "medianResTime" : 178297.0,
    "minResTime" : 66114.0,
    "maxResTime" : 194241.0,
    "pct1ResTime" : 194241.0,
    "pct2ResTime" : 194241.0,
    "pct3ResTime" : 194241.0,
    "throughput" : 0.03848799896082403,
    "receivedKBytesPerSec" : 0.19290512076812424,
    "sentKBytesPerSec" : 0.007592359170006302
  },
  "Login User" : {
    "transaction" : "Login User",
    "sampleCount" : 1228,
    "errorCount" : 161,
    "errorPct" : 13.110749,
    "meanResTime" : 46872.3916938111,
    "medianResTime" : 24975.5,
    "minResTime" : 562.0,
    "maxResTime" : 198257.0,
    "pct1ResTime" : 154690.00000000003,
    "pct2ResTime" : 180012.2,
    "pct3ResTime" : 194089.91000000003,
    "throughput" : 5.6376307260056375,
    "receivedKBytesPerSec" : 5.181328891824517,
    "sentKBytesPerSec" : 1.1237494089210456
  },
  "Total" : {
    "transaction" : "Total",
    "sampleCount" : 21637,
    "errorCount" : 3778,
    "errorPct" : 17.46083,
    "meanResTime" : 57942.68687895731,
    "medianResTime" : 48392.0,
    "minResTime" : 2.0,
    "maxResTime" : 218508.0,
    "pct1ResTime" : 125044.9,
    "pct2ResTime" : 149637.85,
    "pct3ResTime" : 202744.0,
    "throughput" : 98.993910389854,
    "receivedKBytesPerSec" : 1494.9531187090804,
    "sentKBytesPerSec" : 20.678958575438422
  },
  "User Controller" : {
    "transaction" : "User Controller",
    "sampleCount" : 10000,
    "errorCount" : 1837,
    "errorPct" : 18.37,
    "meanResTime" : 62742.53059999996,
    "medianResTime" : 48436.5,
    "minResTime" : 4561.0,
    "maxResTime" : 218508.0,
    "pct1ResTime" : 126058.39999999997,
    "pct2ResTime" : 151145.49999999956,
    "pct3ResTime" : 202754.99,
    "throughput" : 45.752142344065255,
    "receivedKBytesPerSec" : 747.4765593545402,
    "sentKBytesPerSec" : 10.339479287719211
  }
}