{
  "Create User (signup)" : {
    "transaction" : "Create User (signup)",
    "sampleCount" : 2000,
    "errorCount" : 0,
    "errorPct" : 0.0,
    "meanResTime" : 12373.877000000004,
    "medianResTime" : 15303.0,
    "minResTime" : 22.0,
    "maxResTime" : 24569.0,
    "pct1ResTime" : 24047.0,
    "pct2ResTime" : 24093.0,
    "pct3ResTime" : 24270.97,
    "throughput" : 37.07136237256719,
    "receivedKBytesPerSec" : 12.216407698100092,
    "sentKBytesPerSec" : 8.688600556070435
  },
  "Read All Users" : {
    "transaction" : "Read All Users",
    "sampleCount" : 640,
    "errorCount" : 0,
    "errorPct" : 0.0,
    "meanResTime" : 30232.64999999999,
    "medianResTime" : 31213.5,
    "minResTime" : 4884.0,
    "maxResTime" : 38428.0,
    "pct1ResTime" : 32493.8,
    "pct2ResTime" : 32725.85,
    "pct3ResTime" : 36997.24000000002,
    "throughput" : 12.218637240115314,
    "receivedKBytesPerSec" : 886.227066190649,
    "sentKBytesPerSec" : 2.1358750644342197
  },
  "Read By Username" : {
    "transaction" : "Read By Username",
    "sampleCount" : 12,
    "errorCount" : 0,
    "errorPct" : 0.0,
    "meanResTime" : 30788.916666666664,
    "medianResTime" : 30958.0,
    "minResTime" : 30152.0,
    "maxResTime" : 31687.0,
    "pct1ResTime" : 31647.4,
    "pct2ResTime" : 31687.0,
    "pct3ResTime" : 31687.0,
    "throughput" : 0.28713629402756513,
    "receivedKBytesPerSec" : 0.0939361899406585,
    "sentKBytesPerSec" : 0.05664212050153139
  },
  "Login User" : {
    "transaction" : "Login User",
    "sampleCount" : 1000,
    "errorCount" : 0,
    "errorPct" : 0.0,
    "meanResTime" : 15464.44299999999,
    "medianResTime" : 15615.0,
    "minResTime" : 599.0,
    "maxResTime" : 31484.0,
    "pct1ResTime" : 27368.9,
    "pct2ResTime" : 28941.1,
    "pct3ResTime" : 30258.9,
    "throughput" : 24.196085073435118,
    "receivedKBytesPerSec" : 6.167166215006412,
    "sentKBytesPerSec" : 5.269264620484406
  },
  "Total" : {
    "transaction" : "Total",
    "sampleCount" : 5652,
    "errorCount" : 0,
    "errorPct" : 0.0,
    "meanResTime" : 21252.54051663118,
    "medianResTime" : 23841.0,
    "minResTime" : 22.0,
    "maxResTime" : 53914.0,
    "pct1ResTime" : 33958.09999999999,
    "pct2ResTime" : 43505.899999999994,
    "pct3ResTime" : 51573.93000000001,
    "throughput" : 104.4789914412999,
    "receivedKBytesPerSec" : 1750.0996834967743,
    "sentKBytesPerSec" : 29.604807105754478
  },
  "User Controller" : {
    "transaction" : "User Controller",
    "sampleCount" : 2000,
    "errorCount" : 0,
    "errorPct" : 0.0,
    "meanResTime" : 30094.399499999992,
    "medianResTime" : 24085.5,
    "minResTime" : 19646.0,
    "maxResTime" : 53914.0,
    "pct1ResTime" : 46482.3,
    "pct2ResTime" : 49891.74999999999,
    "pct3ResTime" : 53066.71,
    "throughput" : 36.97062683697802,
    "receivedKBytesPerSec" : 875.0498417483872,
    "sentKBytesPerSec" : 14.802403552877239
  }
}