{
  "Album Controller" : {
    "transaction" : "Album Controller",
    "sampleCount" : 4385,
    "errorCount" : 160,
    "errorPct" : 3.6488028,
    "meanResTime" : 2595.2964652223486,
    "medianResTime" : 2257.0,
    "minResTime" : 61.0,
    "maxResTime" : 10361.0,
    "pct1ResTime" : 4931.0,
    "pct2ResTime" : 5876.7,
    "pct3ResTime" : 8059.400000000003,
    "throughput" : 0.6086491472874027,
    "receivedKBytesPerSec" : 230.81252865404977,
    "sentKBytesPerSec" : 0.6870111797379796
  },
  "Create User (signup)" : {
    "transaction" : "Create User (signup)",
    "sampleCount" : 4389,
    "errorCount" : 0,
    "errorPct" : 0.0,
    "meanResTime" : 14.062200956937787,
    "medianResTime" : 10.0,
    "minResTime" : 1.0,
    "maxResTime" : 350.0,
    "pct1ResTime" : 32.0,
    "pct2ResTime" : 39.0,
    "pct3ResTime" : 65.10000000000036,
    "throughput" : 0.6110050232158243,
    "receivedKBytesPerSec" : 0.20160271662313714,
    "sentKBytesPerSec" : 0.14439767150217722
  },
  "Update Track" : {
    "transaction" : "Update Track",
    "sampleCount" : 4379,
    "errorCount" : 166,
    "errorPct" : 3.79082,
    "meanResTime" : 12.474994290933951,
    "medianResTime" : 5.0,
    "minResTime" : 1.0,
    "maxResTime" : 167.0,
    "pct1ResTime" : 31.0,
    "pct2ResTime" : 38.0,
    "pct3ResTime" : 63.0,
    "throughput" : 0.6097396262807108,
    "receivedKBytesPerSec" : 0.49514516122210533,
    "sentKBytesPerSec" : 0.198580628988754
  },
  "Login User" : {
    "transaction" : "Login User",
    "sampleCount" : 4389,
    "errorCount" : 0,
    "errorPct" : 0.0,
    "meanResTime" : 4250.733424470269,
    "medianResTime" : 3741.0,
    "minResTime" : 18.0,
    "maxResTime" : 14911.0,
    "pct1ResTime" : 8108.0,
    "pct2ResTime" : 8885.0,
    "pct3ResTime" : 10785.500000000002,
    "throughput" : 0.6102315348303309,
    "receivedKBytesPerSec" : 0.15553752987374644,
    "sentKBytesPerSec" : 0.13408407747736764
  },
  "Read All Genres" : {
    "transaction" : "Read All Genres",
    "sampleCount" : 4385,
    "errorCount" : 0,
    "errorPct" : 0.0,
    "meanResTime" : 7.985404789053575,
    "medianResTime" : 2.0,
    "minResTime" : 0.0,
    "maxResTime" : 187.0,
    "pct1ResTime" : 25.0,
    "pct2ResTime" : 35.0,
    "pct3ResTime" : 64.0,
    "throughput" : 0.6092841002138261,
    "receivedKBytesPerSec" : 0.2311066111180662,
    "sentKBytesPerSec" : 0.10829072874894174
  },
  "Playlist Controller" : {
    "transaction" : "Playlist Controller",
    "sampleCount" : 4380,
    "errorCount" : 0,
    "errorPct" : 0.0,
    "meanResTime" : 3651.2463470319653,
    "medianResTime" : 3135.0,
    "minResTime" : 61.0,
    "maxResTime" : 14820.0,
    "pct1ResTime" : 7076.8,
    "pct2ResTime" : 8027.549999999998,
    "pct3ResTime" : 11328.799999999992,
    "throughput" : 0.6078773409002497,
    "receivedKBytesPerSec" : 123.55998686675281,
    "sentKBytesPerSec" : 0.8490148136793497
  },
  "Delete Playlist" : {
    "transaction" : "Delete Playlist",
    "sampleCount" : 4379,
    "errorCount" : 0,
    "errorPct" : 0.0,
    "meanResTime" : 13.145695364238376,
    "medianResTime" : 5.0,
    "minResTime" : 1.0,
    "maxResTime" : 371.0,
    "pct1ResTime" : 32.0,
    "pct2ResTime" : 39.0,
    "pct3ResTime" : 65.0,
    "throughput" : 0.6097294383053783,
    "receivedKBytesPerSec" : 0.11372883077766333,
    "sentKBytesPerSec" : 0.11484369800277755
  },
  "create album for track" : {
    "transaction" : "create album for track",
    "sampleCount" : 4379,
    "errorCount" : 0,
    "errorPct" : 0.0,
    "meanResTime" : 8.152089518154824,
    "medianResTime" : 2.0,
    "minResTime" : 1.0,
    "maxResTime" : 209.0,
    "pct1ResTime" : 25.0,
    "pct2ResTime" : 35.0,
    "pct3ResTime" : 61.0,
    "throughput" : 0.6097323248638232,
    "receivedKBytesPerSec" : 0.24167509649337773,
    "sentKBytesPerSec" : 0.17386898326194958
  },
  "Create Playlist" : {
    "transaction" : "Create Playlist",
    "sampleCount" : 4380,
    "errorCount" : 0,
    "errorPct" : 0.0,
    "meanResTime" : 8.689954337899511,
    "medianResTime" : 2.0,
    "minResTime" : 1.0,
    "maxResTime" : 249.0,
    "pct1ResTime" : 27.0,
    "pct2ResTime" : 36.0,
    "pct3ResTime" : 60.0,
    "throughput" : 0.6086471247398659,
    "receivedKBytesPerSec" : 0.21211850058148035,
    "sentKBytesPerSec" : 0.1788352822055621
  },
  "Variables" : {
    "transaction" : "Variables",
    "sampleCount" : 21908,
    "errorCount" : 0,
    "errorPct" : 0.0,
    "meanResTime" : 0.0495252875661861,
    "medianResTime" : 0.0,
    "minResTime" : 0.0,
    "maxResTime" : 5.0,
    "pct1ResTime" : 0.0,
    "pct2ResTime" : 0.0,
    "pct3ResTime" : 1.0,
    "throughput" : 3.044027097232267,
    "receivedKBytesPerSec" : 2.02972666972174,
    "sentKBytesPerSec" : 0.0
  },
  "create user for playlist" : {
    "transaction" : "create user for playlist",
    "sampleCount" : 4380,
    "errorCount" : 0,
    "errorPct" : 0.0,
    "meanResTime" : 8.88767123287669,
    "medianResTime" : 3.0,
    "minResTime" : 1.0,
    "maxResTime" : 227.0,
    "pct1ResTime" : 23.90000000000009,
    "pct2ResTime" : 31.0,
    "pct3ResTime" : 53.1899999999996,
    "throughput" : 0.608647463051764,
    "receivedKBytesPerSec" : 0.19963876169457737,
    "sentKBytesPerSec" : 0.1426517491527572
  },
  "Read All Users" : {
    "transaction" : "Read All Users",
    "sampleCount" : 4389,
    "errorCount" : 0,
    "errorPct" : 0.0,
    "meanResTime" : 4301.685577580311,
    "medianResTime" : 3713.0,
    "minResTime" : 9.0,
    "maxResTime" : 16849.0,
    "pct1ResTime" : 8257.0,
    "pct2ResTime" : 9347.0,
    "pct3ResTime" : 12206.400000000122,
    "throughput" : 0.6090553162105852,
    "receivedKBytesPerSec" : 216.21391373378975,
    "sentKBytesPerSec" : 0.10765528538487883
  },
  "Create Genre" : {
    "transaction" : "Create Genre",
    "sampleCount" : 4385,
    "errorCount" : 0,
    "errorPct" : 0.0,
    "meanResTime" : 13.984036488027364,
    "medianResTime" : 10.0,
    "minResTime" : 0.0,
    "maxResTime" : 369.0,
    "pct1ResTime" : 32.0,
    "pct2ResTime" : 42.0,
    "pct3ResTime" : 75.28000000000065,
    "throughput" : 0.6092835076055534,
    "receivedKBytesPerSec" : 0.1902512936679812,
    "sentKBytesPerSec" : 0.14399082894584367
  },
  "Read All Albums" : {
    "transaction" : "Read All Albums",
    "sampleCount" : 4385,
    "errorCount" : 0,
    "errorPct" : 0.0,
    "meanResTime" : 2545.479133409352,
    "medianResTime" : 2218.0,
    "minResTime" : 14.0,
    "maxResTime" : 10273.0,
    "pct1ResTime" : 4873.8,
    "pct2ResTime" : 5801.0,
    "pct3ResTime" : 7957.260000000003,
    "throughput" : 0.6086670580088162,
    "receivedKBytesPerSec" : 229.27586930100765,
    "sentKBytesPerSec" : 0.10818105913828568
  },
  "Update Genre" : {
    "transaction" : "Update Genre",
    "sampleCount" : 4385,
    "errorCount" : 47,
    "errorPct" : 1.0718358,
    "meanResTime" : 12.271379703534775,
    "medianResTime" : 4.0,
    "minResTime" : 1.0,
    "maxResTime" : 351.0,
    "pct1ResTime" : 33.0,
    "pct2ResTime" : 41.0,
    "pct3ResTime" : 71.0,
    "throughput" : 0.6092852007751053,
    "receivedKBytesPerSec" : 0.2776829677552655,
    "sentKBytesPerSec" : 0.15157649223984634
  },
  "Create Artist" : {
    "transaction" : "Create Artist",
    "sampleCount" : 4385,
    "errorCount" : 0,
    "errorPct" : 0.0,
    "meanResTime" : 9.15826681870015,
    "medianResTime" : 3.0,
    "minResTime" : 0.0,
    "maxResTime" : 197.0,
    "pct1ResTime" : 28.0,
    "pct2ResTime" : 36.0,
    "pct3ResTime" : 60.0,
    "throughput" : 0.609285370092578,
    "receivedKBytesPerSec" : 0.17418673364301518,
    "sentKBytesPerSec" : 0.12673611702121007
  },
  "Update artist" : {
    "transaction" : "Update artist",
    "sampleCount" : 4385,
    "errorCount" : 42,
    "errorPct" : 0.9578107,
    "meanResTime" : 11.763740022805,
    "medianResTime" : 4.0,
    "minResTime" : 1.0,
    "maxResTime" : 227.0,
    "pct1ResTime" : 30.0,
    "pct2ResTime" : 40.0,
    "pct3ResTime" : 68.0,
    "throughput" : 0.6092882485040132,